Name,Autor,Review,Review qntd,Format,Price
"Hands-On Machine Learning with Scikit-Learn, Keras, and TensorFlow: Concepts, Tools, and Techniques to Build Intelligent Systems",Aurélien Géron,4.8 out of 5 stars,"1,808",Paperback,$17.50
"Machine Learning Design Patterns: Solutions to Common Challenges in Data Preparation, Model Building, and MLOps",Valliappa Lakshmanan,4.6 out of 5 stars,66,Paperback,$35.49
AI and Machine Learning for Coders: A Programmer's Guide to Artificial Intelligence,Laurence Moroney,4.8 out of 5 stars,29,Paperback,$45.59
Machine Learning Engineering,Andriy Burkov,4.7 out of 5 stars,113,Paperback,$35.49
Machine Learning: 4 Books in 1: Basic Concepts + Artificial Intelligence + Python Programming + Python Machine Learning. A Comprehensive Guide to Build Intelligent Systems Using Python Libraries,Ethem Mining,4.3 out of 5 stars,106,Kindle,$0.00
Introduction to Machine Learning with Python: A Guide for Data Scientists,Sarah Guido,4.5 out of 5 stars,343,Paperback,
Machine Learning in Finance: From Theory to Practice,Matthew F. Dixon,4.6 out of 5 stars,66,Hardcover,
Machine Learning For Absolute Beginners: A Plain English Introduction (Second Edition) (Machine Learning From Scratch Book 1),,4.4 out of 5 stars,678,Kindle,$0.00
Pattern Recognition and Machine Learning (Information Science and Statistics),Christopher M. Bishop,4.6 out of 5 stars,436,Hardcover,$34.77
Machine Learning: 4 Books in 1: A Complete Overview for Beginners to Master the Basics of Python Programming and Understand How to Build Artificial Intelligence Through Data Science,,3.3 out of 5 stars,7,Audible Audiobook,$0.00
The Hundred-Page Machine Learning Book,Andriy Burkov,4.6 out of 5 stars,626,Paperback,$37.95
"Fundamentals of Machine Learning for Predictive Data Analytics, second edition: Algorithms, Worked Examples, and Case Studies",John D. Kelleher,4.7 out of 5 stars,19,Hardcover,$32.65
Machine Learning: An Applied Mathematics Introduction,Paul Wilmott,4.4 out of 5 stars,127,Paperback,$19.99
Understanding Machine Learning (From Theory to Algorithms),Shai Shalev-Shwartz,4.3 out of 5 stars,127,Hardcover,
Building Machine Learning Powered Applications: Going from Idea to Product,Emmanuel Ameisen,4.4 out of 5 stars,89,Paperback,$44.78
Machine Learning: A Probabilistic Perspective (Adaptive Computation and Machine Learning series),,4.4 out of 5 stars,251,Hardcover,
Mathematics for Machine Learning,Marc Peter Deisenroth,4.7 out of 5 stars,226,Paperback,$46.99
The Alignment Problem: Machine Learning and Human Values,",",4.5 out of 5 stars,47,Audible Audiobook,$0.00
Deep Learning (Adaptive Computation and Machine Learning series),,4.3 out of 5 stars,"1,318",Hardcover,$39.00
"Machine Learning with TensorFlow, Second Edition",,3.0 out of 5 stars,2,Paperback,$49.99
Data Mining: Practical Machine Learning Tools and Techniques (Morgan Kaufmann Series in Data Management Systems),,4.2 out of 5 stars,78,Paperback,$24.04
Machine Learning: 2 Books in 1: An Introduction Math Guide for Beginners to Understand Data Science Through the Business Applications,Samuel Hack,4.4 out of 5 stars,8,Kindle,$0.00
Machine Learning - A Journey to Deep Learning: With Exercises and Answers,,,,Hardcover,$168.00
"Introduction to Machine Learning, fourth edition (Adaptive Computation and Machine Learning series)",Ethem Alpaydin,4.8 out of 5 stars,34,Hardcover,
Machine Learning Gift For An AI Programmer T-Shirt,,,,,$13.99
Data Scientist Machine Learning Neural Network T-Shirt,,3.0 out of 5 stars,,,$17.99
Neural Network Machine Learning T-Shirt,,5.0 out of 5 stars,,,$15.99
Robotics Machine Learning AI Evolution Robot Pullover Hoodie,,5.0 out of 5 stars,,,$31.99
"The Elements of Statistical Learning: Data Mining, Inference, and Prediction, Second Edition (Springer Series in Statistics)",,4.5 out of 5 stars,673,Hardcover,$72.11
Machine Learning: A Bayesian and Optimization Perspective,Sergios Theodoridis,4.6 out of 5 stars,5,Hardcover,$36.76
Semantic Modeling for Data: Avoiding Pitfalls and Breaking Dilemmas,Panos Alexopoulos,4.6 out of 5 stars,11,Paperback,$58.53
"Data-Driven Science and Engineering: Machine Learning, Dynamical Systems, and Control",Steven L. Brunton,4.7 out of 5 stars,111,Hardcover,$61.48
Programming Machine Learning: From Coding to Deep Learning,Paolo Perrotta,4.8 out of 5 stars,21,Paperback,$44.09
Linear Algebra and Optimization for Machine Learning: A Textbook,Charu C. Aggarwal,4.5 out of 5 stars,38,Hardcover,
Building Machine Learning Pipelines: Automating Model Life Cycles with TensorFlow,Hannes Hapke,4.3 out of 5 stars,25,Paperback,$35.00
"2021 Python for Machine Learning & Data Science Masterclass: Learn about Data Science and Machine Learning with Python! Including Numpy, Pandas, Matplotlib, Scikit-Learn and more!",,,,Kindle Edition,$0.00
Deep Learning with Python,,4.5 out of 5 stars,834,Paperback,$19.50
Deep Learning for Coders with Fastai and PyTorch: AI Applications Without a PhD,Jeremy Howard,4.8 out of 5 stars,268,Paperback,$45.47
"Generative Deep Learning: Teaching Machines to Paint, Write, Compose, and Play",David Foster,4.5 out of 5 stars,131,Paperback,$53.24
"Python Machine Learning: Machine Learning and Deep Learning with Python, scikit-learn, and TensorFlow 2, 3rd Edition",Sebastian Raschka,4.5 out of 5 stars,221,Paperback,$35.99
Introduction to Cloud Computing,From,5.0 out of 5 stars,2,Prime Video,$0.99
Machine Learning and Data Science Blueprints for Finance: From Building Trading Strategies to Robo-Advisors Using Python,Hariom Tatsat,4.7 out of 5 stars,11,Paperback,$52.25
"Machine Learning: The Most Complete Guide for Beginners to Mastering Deep Learning, Artificial Intelligence and Data Science with Python. This Book ... and Data Science. (Data Science Mastery)",Andrew Park,4.4 out of 5 stars,19,Paperback,$19.95
Machine Learning for Factor Investing: R Version (Chapman and Hall/CRC Financial Mathematics Series),,4.0 out of 5 stars,9,Paperback,$63.32
"Reinforcement Learning, second edition: An Introduction (Adaptive Computation and Machine Learning series)",,4.5 out of 5 stars,262,Hardcover,$27.78
Machine Learning Under a Modern Optimization Lens,,5.0 out of 5 stars,6,Hardcover,$110.00
Machine Learning: New and Collected Stories,",",4.5 out of 5 stars,167,Audible Audiobook,$0.00
Introducing MLOps: How to Scale Machine Learning in the Enterprise,,3.4 out of 5 stars,8,Paperback,$35.29
"Math for Programmers: 3D graphics, machine learning, and simulations with Python",Paul Orland,5.0 out of 5 stars,9,Paperback,$40.84
Machine Learning For Dummies,John Paul Mueller,3.9 out of 5 stars,3,Paperback,$25.27
"Statistics, Data Mining, and Machine Learning in Astronomy: A Practical Python Guide for the Analysis of Survey Data, Updated Edition (Princeton Series in Modern Observational Astronomy)",,5.0 out of 5 stars,9,Hardcover,$79.68
Pattern Recognition and Machine Learning (Information Science and Statistics),Christopher M. Bishop,4.0 out of 5 stars,69,Paperback,$65.20
Funny Robotic Machine Learning AI Evolution Robot Premium T-Shirt,,,,,$19.99
Funny Robotic Machine Learning AI Evolution Robot T-Shirt,,,,,$17.99
Robotics Machine Learning AI Evolution Robot Long Sleeve T-Shirt,,5.0 out of 5 stars,,,$24.99
Robotics Machine Learning AI Evolution Robot T-Shirt,,,,,$17.99
Neural Network Machine Learning Premium T-Shirt,,,,,$18.99
Machine Learning Data Science Neural Network T-Shirt,,,,,$17.95
ROBOTICS IS THE BACON OF ENGINEERING Machine Learning T-Shirt,,,,,$14.95
Machine Learning Neural Network T-Shirt,,,,,$17.99
Machine Learning Data Science Neural Network Raglan Baseball Tee,,,,,$23.99
"Toy Hammer w/ Lights, Learning Mode and Music Mode – Baby Hammer Toy Plays 6 Short Kids' Songs, Counts 1-10 w/ Baby, Changes Funny Expressions and Lights Up – for Kids 12 Months and Older",,4.6 out of 5 stars,,,$19.99
Machine Learning Big Data Computer Science Nerd Gift Raglan Baseball Tee,,,,,$26.95
Funny Data Sciene Gift - AI Data Scientist Machine Learning T-Shirt,,,,,$17.99
Data Science: Machine Learning and Statistical Modeling in R: Master machine learning techniques with R to solve Real-World problems and gain valuable insights from your data.,,,,Kindle Edition,$0.00
Graph Representation Learning (Synthesis Lectures on Artificial Intelligence and Machine Learning),,4.1 out of 5 stars,4,Paperback,$59.95
Math for Machine Learning,From,,,Prime Video,$0.99
Genetic Algorithms and Machine Learning for Programmers: Create AI Models and Evolve Solutions (Pragmatic Programmers),,3.9 out of 5 stars,27,Paperback,$34.49
Machine Learning: New and Collected Stories,",",4.5 out of 5 stars,167,Audible Audiobook,$0.00
Machine Learning with Python for Everyone (Addison-Wesley Data & Analytics Series),,4.3 out of 5 stars,22,Paperback,$35.89
"Machine Learning With Python: The Ultimate Guide for Absolute Beginners with Steps to Implement Artificial Neural Networks with Real Examples (Useful Python Tools eg. Anaconda, Jupiter Notebook)",,,,Hardcover,$32.97
Applied Machine Learning,David Forsyth,,,Paperback,$22.99
Gaussian Processes for Machine Learning (Adaptive Computation and Machine Learning series),Carl Edward Rasmussen,4.5 out of 5 stars,32,Hardcover,$50.82
Machine Learning (McGraw-Hill International Editions Computer Science Series),Tom M. Mitchell,4.4 out of 5 stars,96,Paperback,$89.00
"Machine Learning: An Algorithmic Perspective, Second Edition (Chapman & Hall/Crc Machine Learning & Pattern Recognition)",$77.57,4.1 out of 5 stars,51,Hardcover,$28.85
"Machine Learning: Data Management, Model Training, Neural Networks, Machine Learning Algorithms: Naive Bayes Classifier Tutorial",,,,Kindle,$0.00
Data Science on the Google Cloud Platform: Implementing End-to-End Real-Time Data Pipelines: From Ingest to Machine Learning,Valliappa Lakshmanan,4.2 out of 5 stars,47,Paperback,$46.22
"Machine Learning Mathematics: Study Deep Learning Through Data Science: How to Build Artificial Intelligence Through Concepts of Statistics, Algorithms, Analysis and Data Mining",,4.2 out of 5 stars,48,Audible Audiobook,$0.00
"Fundamentals of Machine Learning for Predictive Data Anayltics (Algorithms, Worked Examples, and Case Studies)",John D. Kelleher,4.6 out of 5 stars,84,Hardcover,
Machine Learning and Artificial Intelligence in Marketing and Sales: Essential Reference for Practitioners and Data Scientists,,,,Kindle,$99.75
An Introduction to Machine Learning,Miroslav Kubat,3.7 out of 5 stars,7,Paperback,$55.36
Machine Learning For Dummies,John Paul Mueller,4.3 out of 5 stars,300,Paperback,$29.99
"Practical Deep Learning for Cloud, Mobile, and Edge: Real-World AI & Computer-Vision Projects Using Python, Keras & TensorFlow",Anirudh Koul,4.7 out of 5 stars,84,Paperback,$58.92
"Data Science on AWS: Implementing End-to-End, Continuous AI and Machine Learning Pipelines",Chris Fregly,,,Paperback,$66.49
"Applied Machine Learning for Health and Fitness: A Practical Guide to Machine Learning with Deep Vision, Sensors and IoT",Kevin Ashley,4.5 out of 5 stars,5,Paperback,$23.37
"Complete EmberJS programming Developer in 2021: Zero to Mastery: How to become a EmberJS programming Developer and get hired! Build 12+ projects, learn , Machine Learning + more!",,,,Kindle Edition,$0.00
"Business Data Science: Combining Machine Learning and Economics to Optimize, Automate, and Accelerate Business Decisions",Matt Taddy,4.4 out of 5 stars,82,Hardcover,$24.39
Data Mining with Rattle and R: The Art of Excavating Data for Knowledge Discovery (Use R!),,4.4 out of 5 stars,43,Paperback,$30.08
Funny Data Sciene Gift - AI Data Scientist Machine Learning T-Shirt,,,,,$17.99
Funny Data Sciene Gift - AI Data Scientist Machine Learning T-Shirt,,,,,$17.99
Womens Data Scientist Machine Learning Neural Network V-Neck T-Shirt,,,,,$19.99
Data Sciene Gift - Data Scientist Machine Learning Data Nerd T-Shirt,,,,,$17.99
"Build Your Own AI Investor: With Machine Learning and Python, Step by Step, Second Edition",,,,Paperback,$25.61
"Foundations of Machine Learning, second edition (Adaptive Computation and Machine Learning series)",,4.3 out of 5 stars,20,Hardcover,$37.50
Machine Learning for Cybersecurity,,,,DVD,$8.99
"Deep Learning Illustrated: A Visual, Interactive Guide to Artificial Intelligence (Addison-Wesley Data & Analytics Series)",,4.5 out of 5 stars,142,Paperback,$44.99
"Hands-On Machine Learning with Scikit-Learn and TensorFlow: Concepts, Tools, and Techniques to Build Intelligent Systems",Aurélien Géron,4.5 out of 5 stars,"1,111",Paperback,
"Linear Algebra and Optimization with Applications to Machine Learning: Volume I: Linear Algebra for Computer Vision, Robotics, and Machine Learning",,5.0 out of 5 stars,1,Paperback,$78.00
Learning From Data,Yaser S. Abu-Mostafa,4.5 out of 5 stars,224,Hardcover,
Retooling Poverty Targeting Using Out-of-Sample Validation and Machine Learning,,,,Kindle Edition,$0.99
Essentials of Pattern Recognition (An Accessible Approach),,,,Hardcover,$66.68
Machine Learning: The New AI (The MIT Press Essential Knowledge series),,4.2 out of 5 stars,159,Paperback,
Machine Learning in Medicine – A Complete Overview,,,,eTextbook,$20.70
Deep Learning: A Visual Approach,,,,Kindle,$59.99
An Introduction to Statistical Learning: with Applications in R (Springer Texts in Statistics),,4.8 out of 5 stars,"1,066",Hardcover,$35.29
"Machine Learning in the Oil and Gas Industry: Including Geosciences, Reservoir Engineering, and Production Engineering with Python",,4.9 out of 5 stars,12,Paperback,$26.99
Practical Automated Machine Learning on Azure: Using Azure Machine Learning to Quickly Build AI Solutions,,4.0 out of 5 stars,15,Paperback,$45.34
Applications of Machine Learning in Big-Data Analytics and Cloud Computing (River Publishers Series in Information Science and Technology),,,,Hardcover,$115.00
Deep Learning with Structured Data,Mark Ryan,,,Paperback,$58.77
Machine Learning for Red Team Hackers: Learn The Most Powerful Tools in Cybersecurity,,,,Paperback,$29.99
Machine Learning for Kids (Tinker Toddlers ),,4.2 out of 5 stars,54,Kindle,$0.00
Machine Learning in the AWS Cloud: Add Intelligence to Applications with Amazon SageMaker and Amazon Rekognition,Abhishek Mishra,4.7 out of 5 stars,4,Paperback,$50.00
The Secret Life of Chaos,From,4.4 out of 5 stars,134,Prime Video,$1.99
Introduction to Algorithms for Data Mining and Machine Learning,,4.0 out of 5 stars,2,Paperback,$52.46
A Comparative Study of Visualization Techniques for Data Mining,,,,Kindle,$7.99
Lifelong Machine Learning: Second Edition (Synthesis Lectures on Artificial Intelligence and Machine Le),,4.5 out of 5 stars,2,Paperback,$72.94
Data Sciene Gift - Data Scientist Machine Learning Data Nerd T-Shirt,,,,,$17.99
Data Sciene Gift - Data Scientist Machine Learning Data Nerd T-Shirt,,,,,$17.99
Bump 'n Go Learning Airplane Toy – Toddler Learning Toys Device to Develop Beginning Counting and ABCs Skills – Ideal Toy Airplane for Babies 12+ Months,,4.6 out of 5 stars,,,$31.19
Data Science Machine Learning Neural Network T-Shirt,,5.0 out of 5 stars,,,$17.99
"Pop 'N Play Music Center – Xylophone Baby Toy and Music Play Station – 6 Piano Keys, Colorful Balls, Exciting Hammer Toy, Fun to Play and Learn – No Batteries Required, for Toddlers 18+ Months",,4.5 out of 5 stars,,,$23.99
"6 Pieces Construction Vehicles Toy Trucks Set - Bulldozer, Cement Mixer, Dumper, Forklift, Excavator and Road Roller for Your Little Contractor - Push and Go Sliding Toys for Toddlers 18m+",,4.6 out of 5 stars,,,$19.99
I Love Machine Learning Premium T-Shirt,,,,,$31.99
"Data Governance: The Definitive Guide: People, Processes, and Tools to Operationalize Data Trustworthiness",Evren Eryurek,,,Kindle,$43.19
"Machine Learning with R: Expert techniques for predictive modeling to solve all your data analysis problems, 2nd Edition",,4.5 out of 5 stars,105,Paperback,$49.83
Machine Learning for Cybersecurity Cookbook: Over 80 recipes on how to implement machine learning algorithms for building security systems using Python,,4.1 out of 5 stars,13,Kindle,$19.79
Machine Learning in Chemistry: The Impact of Artificial Intelligence (Theoretical and Computational Chemistry),,5.0 out of 5 stars,1,Hardcover,$227.35
"Complete Next.js programming Developer in 2021: Zero to Mastery: How to become a Next.js programming Developer and get hired! Build 12+ projects, learn , Machine Learning + more!",,,,Kindle Edition,$0.00
Practical Artificial Intelligence with Swift: From Fundamental Theory to Development of AI-Driven Apps,,4.5 out of 5 stars,20,Paperback,$39.49
Introduction to Machine Learning (Adaptive Computation and Machine Learning series),Ethem Alpaydin,4.2 out of 5 stars,91,Hardcover,$59.99
"Hands-On Machine Learning with C++: Build, train, and deploy end-to-end machine learning and deep learning pipelines",Kirill Kolodiazhnyi,4.5 out of 5 stars,10,Paperback,$49.99
Financial Signal Processing and Machine Learning (Wiley - IEEE),,3.3 out of 5 stars,2,Kindle,$104.00
Deep Credit Risk: Machine Learning with Python,Harald Scheule,4.0 out of 5 stars,10,Paperback,$89.00
"Complete Rust programming Developer in 2021: Zero to Mastery: How to become a Rust programming Developer and get hired! Build 12+ projects, learn , Machine Learning + more!",,,,Kindle Edition,$0.00
Machine Learning and Deep Learning Using Python and TensorFlow,,,,Hardcover,$99.00
"Handbook of Research on Machine and Deep Learning Applications for Cyber Security (Advances in Information Security, Privacy, and Ethics)",,,,Hardcover,$239.90
Machine Learning and AI for Healthcare: Big Data for Improved Health Outcomes,Arjun Panesar,,,Paperback,$44.99
Ensemble Methods: Foundations and Algorithms (Chapman & Hall/CRC Data Mining and Knowledge Discovery Serie),$58.25,4.0 out of 5 stars,9,Kindle,$13.54
Data Science and Machine Learning Interview Questions Using Python: A Complete Question Bank to Crack Your Interview (English Edition),Vishwanathan Narayanan,,,Paperback,$24.95
Grokking Machine Learning,,,,Paperback,$49.99
Data Mining: Practical Machine Learning Tools and Techniques (The Morgan Kaufmann Series in Data Management Systems),,4.3 out of 5 stars,121,Paperback,
Machine Learning,,4.2 out of 5 stars,240,Paperback,
"Complete Delphi programming Developer in 2021: Zero to Mastery: How to become a Delphi programming Developer and get hired! Build 12+ projects, learn , Machine Learning + more!",,,,Kindle Edition,$0.00
"Data Mining: Practical Machine Learning Tools and Techniques, Second Edition (Morgan Kaufmann Series in Data Management Systems)",,4.1 out of 5 stars,45,Paperback,
Feature Engineering for Machine Learning: Principles and Techniques for Data Scientists,Alice Zheng,4.1 out of 5 stars,48,Paperback,$43.32
"Python for Probability, Statistics, and Machine Learning",,4.1 out of 5 stars,9,Hardcover,$32.59
"Detecting Regime Change in Computational Finance: Data Science, Machine Learning and Algorithmic Trading",Jun Chen,4.5 out of 5 stars,2,Hardcover,$99.95
Machine Learning,From,5.0 out of 5 stars,1,Prime Video,$1.99
Deep Learning Techniques for Biomedical and Health Informatics (Studies in Big Data Book 68),,,,Kindle,$30.00
"Complete Redux programming Developer in 2021: Zero to Mastery: How to become a Redux programming Developer and get hired! Build 12+ projects, learn , Machine Learning + more!",,,,Kindle Edition,$0.00
Exploring Zynq MPSoC: With PYNQ and Machine Learning Applications,,4.7 out of 5 stars,4,Paperback,$67.44
Building Machine Learning and Deep Learning Models on Google Cloud Platform: A Comprehensive Guide for Beginners,,5.0 out of 5 stars,2,Paperback,$26.49
Algorithms for Optimization (The MIT Press),,4.6 out of 5 stars,59,Hardcover,
"Machine Learning for Beginners: Absolute Beginners Guide, Learn Machine Learning and Artificial Intelligence from Scratch (Python, Machine Learning)",,4.2 out of 5 stars,16,Paperback,$14.38
TinyML: Machine Learning with TensorFlow Lite on Arduino and Ultra-Low-Power Microcontrollers,Pete Warden,4.5 out of 5 stars,104,Paperback,$31.96
Adversarial Machine Learning,,4.5 out of 5 stars,5,Kindle,$55.96
AWS Certified Machine Learning Specialty 2020 Certification Guide: The definitive guide passing the MLS-C01 exam on the very first attempt,Somanath Nanda,,,Kindle,$31.49
"Complete Go programming Developer in 2021: Zero to Mastery: How to become a Go programming Developer and get hired! Build 12+ projects, learn , Machine Learning + more!",,,,Kindle Edition,$0.00
Big Data and Machine Learning in Quantitative Investment (Wiley Finance),,4.3 out of 5 stars,30,Hardcover,$48.30
Real World AI: A Practical Guide for Responsible Machine Learning,Alyssa Simpson Rochwerger,5.0 out of 5 stars,47,Kindle,$9.99
Learning Tensorflow.js: Powerful Machine Learning in JavaScript,Gant Laborde,,,Paperback,$49.99
"Mastering Machine Learning on AWS: Advanced machine learning in Python using SageMaker, Apache Spark, and TensorFlow",Dr. Saket S.R. Mengle,4.1 out of 5 stars,27,Paperback,$34.99
"Python Machine Learning By Example: Build intelligent systems using Python, TensorFlow 2, PyTorch, and scikit-learn, 3rd Edition",Yuxi (Hayden) Liu,4.7 out of 5 stars,16,Paperback,$33.24
Machine Learning for Hackers: Case Studies and Algorithms to Get You Started,Drew Conway,3.7 out of 5 stars,52,Paperback,$40.53
Machine Learning with Python: The Definitive Tool to Improve Your Python Programming and Deep Learning to Take You to The Next Level of Coding and Algorithms Optimization,,4.3 out of 5 stars,13,Kindle,$0.00
"Mighty Machines: Learning, Lifting and Towing",,4.7 out of 5 stars,20,DVD,
Neural Networks for Churn Prediction in the Mobile Telecommunications Industry,,,,Kindle,$0.00
Elements of Causal Inference: Foundations and Learning Algorithms (Adaptive Computation and Machine Learning series),,4.5 out of 5 stars,21,Hardcover,$64.20
A Machine Learning Tutorial With Examples : What Is Machine Learning With Example?: Machine Learning,,,,Kindle,$0.00
Aprende Machine Learning en Español: Teoría + Práctica Python (Spanish Edition),Juan Ignacio Bagnato,5.0 out of 5 stars,8,Paperback,$23.35
Malware Data Science: Attack Detection and Attribution,Joshua Saxe,4.4 out of 5 stars,58,Paperback,
"Complete Bootstrap Developer in 2021: Zero to Mastery: How to become a Bootstrap Developer and get hired! Build 12+ projects, learn , Machine Learning + more!",,,,Kindle Edition,$0.00
Deep Learning from Scratch: Building with Python from First Principles,Seth Weidman,4.5 out of 5 stars,51,Paperback,$48.79
Python Machine Learning: A Complete Guide for Beginners on Machine Learning and Deep Learning,,3.9 out of 5 stars,27,Audible Audiobook,$0.00
Internet of Things (IoT): Systems and Applications,,5.0 out of 5 stars,1,Kindle,$34.87
Punish The Machine!: The Promise of Artificial Intelligence in Health Care,,5.0 out of 5 stars,9,Paperback,$14.99
Artificial Intelligence in Practice: How 50 Successful Companies Used AI and Machine Learning to Solve Problems,,4.1 out of 5 stars,81,Audible Audiobook,$0.00
"Machine Learning with R: Expert techniques for predictive modeling, 3rd Edition",Brett Lantz,4.6 out of 5 stars,153,Paperback,$38.99
"Complete Hbase Database in 2021: How to become a Hbase Database Developer and get hired! Build 12+ projects, learn, Machine Learning + more!",,,,Kindle Edition,$0.00
Hands-On Machine Learning with IBM Watson: Leverage IBM Watson to implement machine learning techniques and algorithms using Python,,5.0 out of 5 stars,2,Kindle,$19.79
Up and Running Google AutoML and AI Platform: Building Machine Learning and NLP Models Using AutoML and AI Platform for Production Environment (English Edition),Amit Agrawal,,,Kindle,$9.95
Strengthening Deep Neural Networks: Making AI Less Susceptible to Adversarial Trickery,Katy Warr,4.0 out of 5 stars,6,Kindle,$30.87
"Automated Machine Learning: Methods, Systems, Challenges (The Springer Series on Challenges in Machine Learning)",,4.3 out of 5 stars,220,Kindle,$0.00
Interpretable Machine Learning with Python: Learn to build interpretable high-performance models with hands-on real-world examples,Serg Masis,,,Kindle,$31.49
Learn MySQL Basics for Data Science: Learn MySQL for Data Science and Data Mining,,,,Kindle Edition,$0.00
Artificial Intelligence in Finance: A Python-Based Guide,,4.3 out of 5 stars,18,Paperback,$52.33
Computer Programming: The Most Complete Crash Course for Learning The Perfect Skills To Coding Your Project Even If You Are an Absolute Beginner. Learn and Master The Best Programming Languages!,Michail Kölling,4.5 out of 5 stars,4,Kindle,$0.00
"Data Mining with R: Learning with Case Studies, Second Edition (Chapman & Hall/CRC Data Mining and Knowledge Discovery Series)",,4.4 out of 5 stars,8,Hardcover,$67.90
Data Science Programming All-in-One For Dummies,John Paul Mueller,5.0 out of 5 stars,16,Paperback,$22.49
Data Science (The MIT Press Essential Knowledge series),,4.5 out of 5 stars,220,Paperback,
Machine Learning and Big Data with kdb+/q (Wiley Finance),,4.7 out of 5 stars,12,Hardcover,$43.87
"Machine Learning for Beginners: A Step by Step Guide to Learn Artificial Intelligence, Neural Networks and Machine Learning",,3.0 out of 5 stars,1,Audible Audiobook,$0.00
"Complete GitHub Pages programming Developer in 2021: Zero to Mastery: How to become a GitHub Pages programming Developer and get hired! Build 12+ projects, learn , Machine Learning + more!",,,,Kindle Edition,$0.00
Python Machine Learning,,4.4 out of 5 stars,18,Paperback,$31.74
Machine Learning for Asset Managers (Elements in Quantitative Finance),,4.4 out of 5 stars,69,Paperback,$19.90
Foundations of Machine Learning (Adaptive Computation and Machine Learning series),Mehryar Mohri,4.4 out of 5 stars,23,Hardcover,$6.79
AI as a Service: Serverless machine learning with AWS,,5.0 out of 5 stars,1,Paperback,$43.72
A Programmer's Guide to Computer Science: A virtual degree for the self-taught developer,,4.4 out of 5 stars,128,Paperback,$26.99
Next-Generation Wireless Networks Meet Advanced Machine Learning Applications (Advances in Wireless Technologies and Telecommunication),,,,Hardcover,$195.00
Machine Learning,From,5.0 out of 5 stars,1,Prime Video,$1.99
"The Science of Algorithmic Trading and Portfolio Management: Applications Using Advanced Statistics, Optimization, and Machine Learning Techniques",Robert Kissell,4.1 out of 5 stars,7,Kindle,$46.51
Coded Computing: Mitigating Fundamental Bottlenecks in Large-scale Distributed Computing and Machine Learning (Foundations and Trends(r) in Communications and Information),,,,Paperback,$99.00
"Build Your Own AI Investor: With Machine Learning and Python, Step by Step",,4.3 out of 5 stars,47,Paperback,$22.00
Introducing Machine Learning (Developer Reference),,3.9 out of 5 stars,20,Kindle,$15.39
Mathematics for Machine Technology,John C. Peterson,4.6 out of 5 stars,90,Paperback,$37.50
"The Best of Sewing Machine Fun for Kids: Ready, Set, Sew - 37 Projects & Activities",,4.5 out of 5 stars,226,Paperback,$14.79
Artificial Intelligence Basics: A Non-Technical Introduction,Tom Taulli,4.7 out of 5 stars,45,Paperback,$31.76
"Python for Data Analysis: The Top Guide for Beginners to Discovering Data Science from Scratch, Data Analysis, Analytics & Machine Learning using Python with Business Cases - 4 Books in 1",,4.9 out of 5 stars,53,Kindle,$0.00
"Python Programming: Your Beginner Guide To Learn Python in 7 Days: ( python guide , learning python , python programming projects , python tricks , python 3 )",Maurice J. Thompson,4.6 out of 5 stars,241,Kindle,$0.00
"Automated Machine Learning: Hyperparameter optimization, neural architecture search, and algorithm selection with cloud platforms",Adnan Masood,5.0 out of 5 stars,3,Paperback,$39.99
"Natural Language Processing in Action: Understanding, analyzing, and generating text with Python",Hobson Lane,4.4 out of 5 stars,70,Paperback,$47.49
Advances in Machine Learning and Data Mining for Astronomy (Chapman & Hall/CRC Data Mining and Knowledge Discovery Series),,5.0 out of 5 stars,1,eTextbook,$13.22
"Machine Learning Forensics for Law Enforcement, Security, and Intelligence",Jesus Mena,3.7 out of 5 stars,10,Hardcover,$119.09
Machine Learning with AWS: Explore the power of cloud services for your machine learning and artificial intelligence projects,Jeffrey Jackovich,3.7 out of 5 stars,3,Paperback,$34.99
"Machine Learning with Apache Spark Quick Start Guide: Uncover patterns, derive actionable insights, and learn from big data using MLlib",Jillur Quddus,5.0 out of 5 stars,1,Kindle,$23.99
Hands-On Automated Machine Learning: A beginner's guide to building automated machine learning systems using AutoML and Python,Sibanjan Das,5.0 out of 5 stars,2,Kindle,$19.79
"New in Big Data: Hive, HiveMall, AWS Lambda, Solr, Kibana: Big Data ETL, Machine Learning and Data Visualization. Concise hands-on course with full code examples. Learn to excel!",,,,Kindle Edition,$0.00
Artificial Intelligence: A Modern Approach (Pearson Series in Artifical Intelligence),Stuart Russell,4.6 out of 5 stars,174,Hardcover,$159.99
Keras to Kubernetes: The Journey of a Machine Learning Model to Production,Dattaraj Rao,3.8 out of 5 stars,6,Paperback,$23.47
Artificial Intelligence: A Modern Approach (Pearson Series in Artifical Intelligence),Stuart Russell,4.6 out of 5 stars,174,Hardcover,$159.99
Keras to Kubernetes: The Journey of a Machine Learning Model to Production,Dattaraj Rao,3.8 out of 5 stars,6,Paperback,$23.47
Artificial Intelligence and Machine Learning for Business: A No-Nonsense Guide to Data Driven Technologies,Steven Finlay,4.3 out of 5 stars,65,Kindle,$0.00
Deep Learning (The MIT Press Essential Knowledge series),,4.5 out of 5 stars,173,Paperback,
"Python Machine Learning, 1st Edition",Sebastian Raschka,4.3 out of 5 stars,217,Paperback,$35.00
"Complete ES6 programming Developer in 2021: Zero to Mastery: How to become a ES6 programming Developer and get hired! Build 12+ projects, learn , Machine Learning + more!",,,,Kindle Edition,$0.00
Artificial Intelligence For Dummies (For Dummies (Computer/Tech)),Luca Massaron,4.3 out of 5 stars,158,Paperback,
"Deep Learning for Autonomous Vehicle Control: Algorithms, State-of-the-Art, and Future Prospects (Synthesis Lectures on Advances in Automotive Technology)",,,,Hardcover,$54.69
Machine Learning for Healthcare Analytics Projects: Build smart AI applications using neural network methodologies across the healthcare vertical market,,3.9 out of 5 stars,10,Paperback,$23.99
Learning Bayesian Models with R: Become an expert in Bayesian Machine Learning methods using R and apply them to solve real-world big data problems,,3.2 out of 5 stars,9,Paperback,$39.99
"Data Science: What You Need to Know About Data Analytics, Data Mining, Regression Analysis, Artificial Intelligence, Big Data for Business, Data Visualization, Database Querying, and Machine Learning",,3.2 out of 5 stars,9,Kindle,$0.00
Data Mining and Predictive Analysis: Intelligence Gathering and Crime Analysis,Colleen McCue,3.8 out of 5 stars,11,Kindle,$62.68
"Complete DigitalOcean programming Developer in 2021: Zero to Mastery: How to become a DigitalOcean programming Developer and get hired! Build 12+ projects, learn , Machine Learning + more!",,,,Kindle Edition,$0.00
Machine Learning with Python: A Practical Beginners’ Guide (Machine Learning From Scratch Book 2),,4.5 out of 5 stars,103,Kindle,$0.00
"Big Data, Data Mining, and Machine Learning: Value Creation for Business Leaders and Practitioners (Wiley and SAS Business Series)",Jared Dean,3.2 out of 5 stars,23,Kindle,$48.00
"Mastering Machine Learning Algorithms: Expert techniques for implementing popular machine learning algorithms, fine-tuning your models, and understanding how they work, 2nd Edition",Giuseppe Bonaccorso,4.5 out of 5 stars,40,Kindle,$22.39
Neural Networks for Beginners: An Easy Textbook for Machine Learning Fundamentals to Guide You Implementing Neural Networks with Python and Deep Learning (Artificial Intelligence),,3.5 out of 5 stars,6,Audible Audiobook,$0.00
A Practical Guide to Data Mining for Business and Industry,Andrea Ahlemeyer-Stubbe,3.5 out of 5 stars,12,Hardcover,$83.30
"Complete Apache Spark Developer in 2021: Zero to Mastery: How to become a Apache Spark Developer and get hired! Build 12+ projects, learn , Machine Learning + more!",,,,Kindle Edition,$0.00
Moving Machines For Kids,From,5.0 out of 5 stars,4,Prime Video,$0.99
"Computer Programming and Cyber Security for Beginners: This Book Includes: Python Machine Learning, SQL, Linux, Hacking with Kali Linux, Ethical Hacking. Coding and Cybersecurity Fundamentals",,4.3 out of 5 stars,137,Audible Audiobook,$0.00
Data Science for Business: What You Need to Know about Data Mining and Data-Analytic Thinking,Foster Provost,4.4 out of 5 stars,668,Paperback,
Machine Learning with R,,5.0 out of 5 stars,4,Hardcover,$62.95
"Complete Laravel programming Developer in 2021: Zero to Mastery: How to become a Laravel programming Developer and get hired! Build 12+ projects, learn , Machine Learning + more!",,,,Kindle Edition,$0.00
"Python Machine Learning: The Complete Beginners Guide to Programming and Deep Learning, Data Science and Artificial Intelligence Using Scikit-Learn and Tensorflow",Kevin Howey,4.7 out of 5 stars,5,Kindle,$0.00
An Introduction to Variational Autoencoders (Foundations and Trends(r) in Machine Learning),,,,Paperback,$75.00
High-Dimensional Statistics (A Non-Asymptotic Viewpoint),Martin J. Wainwright,4.7 out of 5 stars,26,Hardcover,$73.62
"teytoy My First Soft Book, Nontoxic Fabric Baby Cloth Books Early Education Toys Activity Crinkle Cloth Book for Toddler, Infants and Kids Perfect for Baby Shower -Pack of 6",,4.6 out of 5 stars,"6,535",,$16.99
"Complete Ruby on Rails programming Developer in 2021: Zero to Mastery: How to become a Ruby on Rails programming Developer and get hired! Build 12+ projects, learn , Machine Learning + more!",,,,Kindle Edition,$0.00
Data Analytics in Bioinformatics: A Machine Learning Perspective,,,,Hardcover,$225.00
Inpainting and Denoising Challenges (The Springer Series on Challenges in Machine Learning),,,,Hardcover,$17.36
"Blockchain, Big Data and Machine Learning: Trends and Applications",Neeraj Kumar,,,Kindle,$58.95
DATA MINING (for beginners) : The principles of managing the document (BUSINESS LEADERS),,,,Kindle,$0.00
"Python: 2 Manuscript: Deep Learning with Python, Python for Data Analysis",Daniel Géron,,,Hardcover,$59.97
"Machine Learning: A Step-by-Step Guide from Beginners to Expert. Concepts and Techniques: Beginners, Intermediate & Advanced",,2.9 out of 5 stars,11,Audible Audiobook,$0.00
Statistical Regression and Classification: From Linear Models to Machine Learning (Chapman & Hall/CRC Texts in Statistical Science),,3.2 out of 5 stars,6,Paperback,$54.74
Machine Learning for Economics and Finance in TensorFlow 2: Deep Learning Models for Research and Industry,Isaiah Hull,,,Kindle,$10.46
Learning to Rank for Information Retrieval (Foundations and Trends(r) in Information Retrieval),,,,Paperback,$85.00
"Machine Learning, revised and updated edition (The MIT Press Essential Knowledge series)",,,,Paperback,$15.95
GANs in Action: Deep learning with Generative Adversarial Networks,Jakub Langr,4.0 out of 5 stars,24,Paperback,$40.59
Machine Learning In The Business: How Businesses Use AI Today And The Python Programming Language: Artificial Intelligence Definition,,,,Kindle,$0.00
Knowledge Discovery with Support Vector Machines (Wiley Series on Methods and Applications in Data Mining Book 3),,4.8 out of 5 stars,10,Kindle,$111.00
"Algorithmic Trading Methods: Applications Using Advanced Statistics, Optimization, and Machine Learning Techniques",Robert Kissell,5.0 out of 5 stars,2,Paperback,$34.99
Cloud Computing for Machine Learning and Cognitive Applications (The MIT Press),Kai Hwang,3.6 out of 5 stars,5,Hardcover,$19.42
An Introduction to Matrix Concentration Inequalities (Foundations and Trends(r) in Machine Learning),,,,Paperback,
"Data Science for Beginners 2020: Learn How Data Analytics and Machine Learning Are Used to Define New Strategies for Marketing and Business. (The Data Science Bible, Book 1)",,,,Audible Audiobook,$0.00
Mike's Peanuts: Machine Learning For Kids: Linear Regression (Machine Learning Series: Mike's Peanuts),,4.7 out of 5 stars,3,Hardcover,$14.00
"Analytics of Life: Making Sense of Artificial Intelligence, Machine Learning and Data Analytics",Mert Damlapinar,4.4 out of 5 stars,129,Kindle,$4.99
Mastering Azure Machine Learning: Perform large-scale end-to-end advanced machine learning in the cloud with Microsoft Azure Machine Learning,Kaijisse Waaijer,4.8 out of 5 stars,11,Paperback,$44.99
More Human Than Human,,4.6 out of 5 stars,7,Prime Video,
TensorFlow 2.0 Computer Vision Cookbook: Implement machine learning solutions to overcome various computer vision challenges,,5.0 out of 5 stars,1,Paperback,$49.99
"Machine Learning: Beginner’s Guide to Machine Learning, Data Mining, Big Data, Artificial Intelligence and Neural Networks",Lilly  Trinity,3.2 out of 5 stars,24,Kindle,$0.00
"Learning SQL: Generate, Manipulate, and Retrieve Data",Alan Beaulieu,4.6 out of 5 stars,90,Paperback,$31.73
Introduction to Machine Learning with R: Rigorous Mathematical Analysis,,4.1 out of 5 stars,23,Paperback,
Algebraic Geometry and Statistical Learning Theory (Cambridge Monographs on Applied and Computational Mathematics),Sumio Watanabe,4.4 out of 5 stars,8,Hardcover,$80.81
Blueprints for Text Analytics Using Python: Machine Learning-Based Solutions for Common Real World (NLP) Applications,,5.0 out of 5 stars,2,Paperback,$45.66
Machine Learning Examples: The Benefits Technology Machine: Neural Networks And Deep Learning,,,,Kindle,$0.00
Awesome Robotics Projects for Kids: 20 Original STEAM Robots and Circuits to Design and Build (Awesome STEAM Activities for Kids),,4.6 out of 5 stars,483,Paperback,$12.88
"Google BigQuery: The Definitive Guide: Data Warehousing, Analytics, and Machine Learning at Scale",Valliappa Lakshmanan,4.6 out of 5 stars,53,Paperback,$41.49
The Infinite Machine: How an Army of Crypto-Hackers Is Building the Next Internet with Ethereum,,4.6 out of 5 stars,182,Audible Audiobook,$0.00
Data Mining and Machine Learning: Fundamental Concepts and Algorithms,,4.6 out of 5 stars,10,Hardcover,$62.37
Thoughtful Machine Learning with Python: A Test-Driven Approach,Matthew Kirk,3.7 out of 5 stars,16,Paperback,$30.04
"Machine Learning Book: Learn Machine Learning, Deep Learning, Data Science, And More!: Machine Learning Beginners",,,,Kindle,$0.00
"The Times Machine!: Learn Multiplication and Division. . . Like, Yesterday! (McKellar Math)",,4.7 out of 5 stars,"1,249",Paperback,$17.99
Machine Learning in Non-Stationary Environments: Introduction to Covariate Shift Adaptation (Adaptive Computation and Machine Learning series),Masashi Sugiyama,4.3 out of 5 stars,4,Hardcover,$9.99
"Fine Children's Story Robot and Song/Poem Player - English Learning Toy - Educational Machine for Babies, Toddlers, and Kids - Baby Gift,Toddler Birthday Gift",,,,,
